{"total_reward": 12.0, "_timestamp": 1718225824.731761, "_runtime": 4.989857912063599, "_step": 99, "_wandb": {"runtime": 4}}