{"total_reward": 15.0, "_timestamp": 1718225870.274792, "_runtime": 5.641763925552368, "_step": 99, "_wandb": {"runtime": 5}}