{"reward": 1.0, "episode": 99, "steps": 10, "_timestamp": 1718184133.708738, "_runtime": 4.5644121170043945, "_step": 1042, "_wandb": {"runtime": 3}}