{"total_reward": 11.0, "_timestamp": 1718226273.313527, "_runtime": 3.0973281860351562, "_step": 99, "_wandb": {"runtime": 2}}