{"total_reward": 9.0, "_timestamp": 1718226041.5152209, "_runtime": 2.969756841659546, "_step": 99, "_wandb": {"runtime": 2}}