{"total_reward": 12.0, "_timestamp": 1718225670.135124, "_runtime": 4.022870063781738, "_step": 99, "_wandb": {"runtime": 3}}