{"total_reward": 12.0, "_timestamp": 1718226109.7320662, "_runtime": 4.424330234527588, "_step": 99, "_wandb": {"runtime": 4}}