{"total_reward": 8.0, "_timestamp": 1718195885.2989068, "_runtime": 4.136819839477539, "_step": 99, "_wandb": {"runtime": 3}}