{"total_reward": 10.0, "_timestamp": 1718225941.09165, "_runtime": 3.187933921813965, "_step": 99, "_wandb": {"runtime": 2}}