{"total_reward": 12.0, "_timestamp": 1718225357.0788941, "_runtime": 7.125403165817261, "_step": 99, "_wandb": {"runtime": 6}}