{"total_reward": 8.0, "_timestamp": 1718184402.671547, "_runtime": 4.806625843048096, "_step": 99, "_wandb": {"runtime": 3}}